Company Name,Company Address,Company Contact,Company Data,Company Location,Other Locations,File Download Links,Company Contact Persons,Technologies used,In use Materials,Industries,References,Machines
Gröbmer GmbH,"Fernerbachstr 18
39049 Sterzing (BZ) (Bolzano-Bozen)
Italien","Fernerbachstr 18
39049 Sterzing (BZ) (Bolzano-Bozen)
Italien","Unternehmensdaten:
Mitarbeiter:
20 - 50
Gründungsjahr:
1978
Umsatz:
5 - 10 Mio.","https://maps.google.com/?q=46.8869575,11.4047459","weitere Standorte:
Gröbmer GmbH Werk 1: Zerspanung - Frak. Thuins 80 - I-39049 Sterzing /// Gröbmer GmbH Werk 2/A: Blechbearbeitung - Fuggerstrasse 1 - I-39049 Sterzing /// Gröbmer GmbH Werk 2/B: Schweissbearbeitung - Fernerbachstra. 18 - I-39049 Sterzing ///",https://www.techpilot.net/servlets/DownloadConnector?companydocumentID=26220&lngCode=de,"Kontakte
Stefan Gröbmer
Inhaber
E-Mail:
jetzt kontaktieren
Peter Gröbmer
Zerspanung
Telefon:
+39 0472 765219
Fax:
Faxnummer anzeigen
E-Mail:
jetzt kontaktieren
Katrin Gasteiger
Verwaltung
E-Mail:
jetzt kontaktieren
Michael Gröbmer
Inhaber
Telefon:
+39 0472 765219
E-Mail:
jetzt kontaktieren
  Christian Rainer
Verkauf/Einkauf
Telefon:
+39 0472 765219
E-Mail:
jetzt kontaktieren
  Thomas Gröbmer
CNC Drehen / Schweißen
Telefon:
+39 0472 765219
E-Mail:
jetzt kontaktieren
 ","Spanabhebende Bearbeitung - Drehen
Spanabhebende Bearbeitung - Fräsen
Blechbearbeitung - Flexible Blechbearbeitung
Stahlbau & Schweißen - Schweißkonstruktionen / Stahlbau
Spanabhebende Bearbeitung - Bohren / Sägen
Stahlbau & Schweißen - Schweißen allgemein
Maschinenbau & Baugruppenmontage - Maschinen und Gerätebau
Maschinenbau & Baugruppenmontage - Messen & Prüfen
Maschinenbau & Baugruppenmontage - Montage
Verzahnung & Gewinde - Gewindebearbeitung
Oberflächen-/Wärmebehandlung - Beschriftung/Markierung
Oberflächen-/Wärmebehandlung - Oberflächenbehandlung
Additive Fertigung - Additive Fertigung","Werkstoffe
Stahl
Baustahl
Einsatz-/Vergütungsstahl
Edelstahl (rostfrei V2A)
Edelstahl (rostfrei/säurebeständig V4A)
Automatenstahl
weiterlesen","Branchen
Anlagenbau
Antriebs- und Getriebetechnik
Automobilindustrie und Fahrzeugbau
Bau-, land- und forstwirtschaftlicher Maschinenbau
Maschinenbau allgemein
Werkzeugmaschinenbau
Bauzubehör","Referenzen
- Bau von landwirtschaflichen Maschinen, Fahrwerkbau, Schweißkonstruktion und Gussbearbeitung. - Anlagenbau, Schweißkonstruktionen mit flexibler Blechbearbeitung. - Komponenten für Wasserkraftwerke, Zerspanung komplexer und schwerzerspanenden Materialien. - Komponenten für den Elektronikbereich - Aluminium Zerspanung, flexible Blechbearbeitung.","TruLaser 3030fiber 8kw Hersteller: Trumpf Steuerung:  Baujahr: 2022  Technologien: Laserschneiden 2D (Laserstrahlschneiden)
DMG MORI NLX1500 Hersteller: DMG MORI SEIKI Steuerung: CELOS - MAPPS  Baujahr: 2018  Technologien: RäumenHartdrehenDrehenAutomatendrehen (Stange)Fräsen mit DrehbearbeitungLangdrehenBohren / GewindebearbeitungWellenbearbeitungSchneckenfräsenKomplettbearbeitung Drehen (mit Fräsbearbeitung)Gewinderollen / Gewindewalzen
DMG MORI NZX2000T3Y3 Hersteller: DMG MORI SEIKI Steuerung: CELOS Baujahr: 2016  Technologien: HartdrehenDrehenAutomatendrehen (Stange)Formfräsen (3 D)LangdrehenFräsenBohren / GewindebearbeitungWellenbearbeitungSchneckenfräsenKomplettbearbeitung Drehen (mit Fräsbearbeitung)GravierfräsenGewinderollen / Gewindewalzen
DMG MORI NH6300DCG Hersteller: DMG / MORI SEIKI Steuerung: Mapps IV-Fanuc Baujahr: 2016  Technologien: Formfräsen (3 D)FräsenBohren / GewindebearbeitungGravierfräsen
DMG MORI NH4000DCG Hersteller: DMG / MORI SEIKI Steuerung: Mapps IV- FANUC Baujahr: 2014  Technologien: HSC-FräsenFormfräsen (3 D)FräsenGravierfräsen
DMG MORI M1 4 Achs Hersteller: DMG MORI Steuerung: Sinumerik 828D Baujahr: 2023  Technologien: Formfräsen (3 D)FräsenBohren / GewindebearbeitungGravierfräsen
Mori Seiki 2500 NLX Hersteller: Mori Seiki Steuerung: Mapps IV- FANUC Baujahr: 2011  Technologien: TieflochbohrenHartdrehenDrehenAutomatendrehen (Stange)LangdrehenWellenbearbeitungKomplettbearbeitung Drehen (mit Fräsbearbeitung)
Mori Seiki NT4300 DCG Hersteller: Mori Seiki Steuerung: Mapps IV- FANUC Baujahr: 2010  Technologien: RäumenTieflochbohrenHSC-FräsenHartdrehenDrehenAutomatendrehen (Stange)Formfräsen (3 D)LangdrehenSignierenFräsenBohren / GewindebearbeitungWellenbearbeitung5-Achs-FräsenKomplettbearbeitung Drehen (mit Fräsbearbeitung)Gravierfräsen
Mori Seiki NMV5000DCG Hersteller: Mori Seiki Steuerung: Mapps III Baujahr: 2008  Technologien: RäumenTieflochbohrenHSC-FräsenHartdrehenDrehenFormfräsen (3 D)SignierenFräsenBohren / GewindebearbeitungWellenbearbeitung5-Achs-FräsenKomplettbearbeitung Drehen (mit Fräsbearbeitung)Gravierfräsen
Mori Seiki NL 2500 SY Hersteller: Mori Seiki Steuerung: Mapps IV- FANUC Baujahr: 2006  Technologien: HartdrehenDrehenAutomatendrehen (Stange)LangdrehenWellenbearbeitungKomplettbearbeitung Drehen (mit Fräsbearbeitung)
Urban BZ6000 Hersteller: URBAN Maschienbau  GMBH Steuerung: Heidenhain Baujahr: 2008  Technologien: Formfräsen (3 D)FräsenBohren / GewindebearbeitungGravierfräsen
Haas VF-3SS Hersteller: HAAS CNC USA Steuerung: Haas Baujahr: 2006  Technologien: Formfräsen (3 D)FräsenGravierfräsen
Hurco VMX 50 Hersteller: Hurco Steuerung: WIN MAX Baujahr: 2005  Technologien: Formfräsen (3 D)FräsenGravierfräsen
DMG DMC 60 H Hersteller: DMG Steuerung: Sinumerik  840D Baujahr: 1998  Technologien: HSC-FräsenFormfräsen (3 D)FräsenGravierfräsen
Okuma LB 15-II W Hersteller: Okuma Steuerung: OSP 7000 Baujahr: 1998  Technologien: DrehenAutomatendrehen (Stange)LangdrehenWellenbearbeitungKomplettbearbeitung Drehen (mit Fräsbearbeitung)
Gildemeister CTX 400 Hersteller: DMG Steuerung: Grundig Baujahr: 1995  Technologien: DrehenWellenbearbeitung
Mitutoyo Crysta Apex574 Hersteller: Mitutoyo Steuerung: Mitutoyo Baujahr: 2011  Technologien: Messen & Prüfen
Mitutoyo Crysta Plus M 544 Hersteller: Mitutoyo Steuerung: Mitutoyo Hand Baujahr: 2005  Technologien: Messen & Prüfen
Trumpf Trumatic L4030 Hersteller: Trumpf Steuerung: Sinumerik Baujahr: 2001  Technologien: Laserschneiden 2D (Laserstrahlschneiden)Laserschneiden Rohr & Profil
KASTOwin A3.3 Hersteller: Kasto Steuerung: Kasto Baujahr: 2015  Technologien: Sägen
Kasto Twin A4 Hersteller: Kasto Steuerung: Kasto Baujahr: 2004  Technologien: Sägen
Foba Hersteller: Foba Steuerung: Fobagraph Baujahr: 2013  Technologien: Lasermarkieren / Laserbeschriften
CR - Komatsu Plasma Hersteller: CR Italy Steuerung: CR Pilot Baujahr: 1994  Technologien: Plasmaschneiden (Plasma-Schmelzschneiden)
Bütfering Steelmaster Hersteller: Bütfering Steuerung: Bütfering Baujahr: 2003  Technologien: -
Trowalanlage (mehrere Anlagen) Hersteller: Diverse Steuerung: keine Angabe Baujahr: 2014  Technologien: Trowalisieren / Gleitschleifen
EHT 3m Breite 135 Tonnen Hersteller: EHT Steuerung: EHT Baujahr: 2003  Technologien: Biegen / Abkanten
LVD 4m Breite 220 Tonnen Hersteller: LVD Steuerung: LVD Baujahr: 1994  Technologien: Biegen / Abkanten
Cloos Schweißroboter Hersteller: Cloos GmbH Steuerung: Cloos Baujahr: 2017  Technologien: RoboterschweißenSchutzgasschweißen (MIG/MAG)Maschinenrahmen / MaschinenständerSchweißkonstruktionen
ABB Schweißroboter Hersteller: ABB Steuerung: ABB Baujahr: 1998  Technologien: RoboterschweißenSchutzgasschweißen (MIG/MAG)Maschinenrahmen / MaschinenständerSchweißkonstruktionen"
Beutter Präzisions-Komponenten GmbH & Co. KG,"Butzensteigleweg 4-6
72348 Rosenfeld (Zollernalbkreis)
Deutschland","Butzensteigleweg 4-6
72348 Rosenfeld (Zollernalbkreis)
Deutschland","Unternehmensdaten:
Mitarbeiter:
100 - 200
Gründungsjahr:
1909
Umsatz:
20 - 50 Mio.","https://maps.google.com/?q=48.2879193,8.734893099999999","weitere Standorte:
72348 Rosenfeld, Zollernalbkreis (Baden-Württemberg) - Nähe A81","https://www.techpilot.net/servlets/DownloadConnector?companydocumentID=46436&lngCode=de
https://www.techpilot.net/servlets/DownloadConnector?companydocumentID=46438&lngCode=de
https://www.techpilot.net/servlets/DownloadConnector?companydocumentID=46437&lngCode=de","Kontakte
Johannes Weinundbrot
Einkauf
E-Mail:
jetzt kontaktieren
René Meier
Vertrieb
Telefon:
+49 7428 933 130
Fax:
Faxnummer anzeigen
E-Mail:
jetzt kontaktieren","Spanabhebende Bearbeitung - Drehen
Spanabhebende Bearbeitung - Fräsen
Maschinenbau & Baugruppenmontage - Montage
Feinbearbeitung - Feinbearbeitung
Maschinenbau & Baugruppenmontage - Messen & Prüfen
Verzahnung & Gewinde - Gewindebearbeitung","Werkstoffe
Stahl
Einsatz-/Vergütungsstahl
Edelstahl (rostfrei V2A)
Edelstahl (rostfrei/säurebeständig V4A)
Automatenstahl
Werkzeugstahl
weiterlesen","Branchen
Apparatebau
Antriebs- und Getriebetechnik
Chemische Industrie
Energieindustrie
Feinmechanik, Mechatronik und Optik
Hydraulik- und Pneumatikindustrie
Informationstechnik (Hardware)
Kälte-, Klima- und Lufttechnik
weiterlesen","Referenzen
Maschinenbau, Medizintechnik, Messgerätetechnik, Luftfahrt, Wehrtechnik - speziell für sehr anspruchsvolle hochwertige Einzelteile und Baugruppen","Rheometersensor
Dialyseport
Kühlerfinger




TNX65/42 Hersteller: Traub Steuerung: - Baujahr: 2016  Technologien: DrehenFräsen
TNC 65 Hersteller: Traub Steuerung: - Baujahr: 2003  Technologien: DrehenAutomatendrehen (Stange)Komplettbearbeitung Drehen (mit Fräsbearbeitung)
TNL 12 Hersteller: Traub Steuerung: TX 8i Baujahr: 2007  Technologien: Automatendrehen (Stange)Komplettbearbeitung Drehen (mit Fräsbearbeitung)
TNL 12/7 Hersteller: TRAUB Steuerung: Tx8i Baujahr: 2001  Technologien: DrehenAutomatendrehen (Stange)
TNL 26 Hersteller: Traub Steuerung: TX 8i Baujahr: 2006  Technologien: Automatendrehen (Stange)Komplettbearbeitung Drehen (mit Fräsbearbeitung)
TNL 26 Hersteller: Traub Steuerung: TX 8i Baujahr: 2004  Technologien: Automatendrehen (Stange)
TNL26K Hersteller: TRAUB Steuerung: - Baujahr: 2007  Technologien: Automatendrehen (Stange)Komplettbearbeitung Drehen (mit Fräsbearbeitung)
TNL32 Hersteller: TRAUB Steuerung: TX 8i-S Baujahr: 2012  Technologien: Komplettbearbeitung Drehen (mit Fräsbearbeitung)
Cincom L12 Hersteller: Citizen Steuerung: Mitsubishi M70 Baujahr: 2017  Technologien: Automatendrehen (Stange)Komplettbearbeitung Drehen (mit Fräsbearbeitung)
Cincom Evolution K16E (2) Hersteller: Citizen Steuerung: Mitsubishi M70 Baujahr: 2011  Technologien: Automatendrehen (Stange)Komplettbearbeitung Drehen (mit Fräsbearbeitung)
Cincom Evolution K16E Hersteller: Citizen Steuerung: Mitsubishi M70 Baujahr: 2011  Technologien: Automatendrehen (Stange)Komplettbearbeitung Drehen (mit Fräsbearbeitung)
RNC 400 Hersteller: Monfort Steuerung: MultiTurn Baujahr: 2014  Technologien: Drehen
300RNC Hersteller: MONFORT Steuerung: - Baujahr: 2005  Technologien: Drehen
DoLittle mit Handlingsystem Hersteller: Benzinger Steuerung: - Baujahr: 2015  Technologien: Drehen
TNL Hersteller: Benzinger Steuerung: Sinumerik 810D Baujahr: 2007  Technologien: Drehen
TNC-S Hersteller: Benzinger Steuerung: Sinumerik 810 D Baujahr: 1999  Technologien: Drehen
C32U Hersteller: Hermle Steuerung: Heidenhain TNC 640 Baujahr: 2016  Technologien: Formfräsen (3 D)Fräsen5-Achs-Fräsen
C600U Hersteller: Hermle Steuerung: Heidenhain TNC 430 Baujahr: 2001  Technologien: Formfräsen (3 D)Fräsen
C600U Hersteller: Hermle Steuerung: Heidenhain TNC 430 Baujahr: 2000  Technologien: Formfräsen (3 D)Fräsen
C600U Hersteller: Hermle Steuerung: Heidenhain TNC 430 Baujahr: 2000  Technologien: Formfräsen (3 D)Fräsen
FP4TC Hersteller: DECKEL Steuerung: Dialog 4 Baujahr: 1994  Technologien: Formfräsen (3 D)Fräsen
S 20 CNC Hersteller: Studer Steuerung: GE-Fanuc 16 T Baujahr: 1999  Technologien: Außenrundschleifen
S 21 CNC Hersteller: Studer Steuerung: GE-Fanuc 18i Baujahr: 2006  Technologien: Außenrundschleifen
S 31 CNC Hersteller: Studer Steuerung:  Baujahr: 2015  Technologien: Außenrundschleifen
ESG-1224 TD Hersteller: Equiptop Steuerung:  Baujahr: 2017  Technologien: Flachschleifen
JE 525 P Hersteller: Jung Steuerung: - Baujahr: 2005  Technologien: Flachschleifen
FFU 750/50 Hersteller: Aba Steuerung: - Baujahr: 1997  Technologien: Flachschleifen
MLA 5000 Hersteller: Sunnen Steuerung: - Baujahr: 2007  Technologien: Rundhonen - Innen
ML 5000 Hersteller: Sunnen Steuerung: - Baujahr: 2007  Technologien: Rundhonen - Innen
KGM 5000 Hersteller: Sunnen Steuerung: Simatic Baujahr: 2004  Technologien: Rundhonen - Innen
O-Inspect  Hersteller: Zeiss Steuerung: OI-442 Baujahr: 2015  Technologien: Messen & Prüfen
MS 250 Hersteller: Mahr Steuerung: PC-integriert mit vektorieller Bahnsteuerung Baujahr: 2000  Technologien: Messen & Prüfen
Hommel-Etamic Hersteller: Jenoptik Steuerung: roundscan 555 high resolution Baujahr: 2014  Technologien: Messen & Prüfen
Zulieferer des Monats Novem...
Motorgehäuse
2010-01-27 AST Trainee 21.JPG
"
A&A PAPANANOS G.P.,"3 km Naousa-Veroia
59200 Naousa (Imathia)
Griechenland","3 km Naousa-Veroia
59200 Naousa (Imathia)
Griechenland","Unternehmensdaten:
Mitarbeiter:
20 - 50
Gründungsjahr:
1981
Umsatz:
5 - 10 Mio.","https://maps.google.com/?q=40.6294406,22.0688549","weitere Standorte:
40.6303702, 22.0660460",https://www.techpilot.net/servlets/DownloadConnector?companydocumentID=51184&lngCode=de,"Kontakte
Alex Papananos
  Telefon:
00302332043210
E-Mail:
jetzt kontaktieren
  Stefania Giatzitzopoulou
  Telefon:
00302332043210
E-Mail:
jetzt kontaktieren
 ","Spanabhebende Bearbeitung - Drehen
Spanabhebende Bearbeitung - Fräsen
Verzahnung & Gewinde - Verzahnung
Blechbearbeitung - Flexible Blechbearbeitung","Werkstoffe
Stahl
Baustahl
Einsatz-/Vergütungsstahl
Edelstahl (rostfrei V2A)
Edelstahl (rostfrei/säurebeständig V4A)
Automatenstahl
weiterlesen","Branchen
Armaturenbau
Bauzubehör
Beleuchtungsmittelindustrie
Berg- und Tunnelbau
Bürotechnik und Zubehör
Chemische Industrie
Eisenbahnindustrie und Schienenfahrzeugbau
Elektroindustrie
weiterlesen","Referenzen
Facebook: https://www.facebook.com/www.papananos.gr --- YouTube: https://www.youtube.com/watch?time_continue=3&v=e8VlJMzfYwI --- Linkedin: https://www.linkedin.com/company/a-a-papananos-g-p/about/ --- Instagram: https://instagram.com/papananosa.a.1/","SVM Hersteller: DOOSAS Steuerung: Fanuc Baujahr: 2021  Technologien: Fräsen
DEM 4000 Hersteller: DOOSAN Steuerung: Fanuc Baujahr: 2019  Technologien: Fräsen
DMC 1035 V Hersteller: Deckel Maho Steuerung: HEIDENHAIN Baujahr: 2018  Technologien: Formfräsen (3 D)Fräsen
LYNX 2100A Hersteller: DOOSAN Steuerung: Fanuc Baujahr: 2019  Technologien: DrehenAutomatendrehen (Stange)
DAEWOO PUMA 240 MB Hersteller: DOOSAN Steuerung: Fanuc Baujahr: 2018  Technologien: HartdrehenDrehen
HAAS SL30 Hersteller: HAAS Steuerung: CNC Baujahr: 2018  Technologien: HartdrehenDrehen
Wire Cutting Hersteller: EDM  Steuerung: Automatic Baujahr: 2018  Technologien: Drehen
NC Programmable Fully Automatic Horizontal Band Saw Hersteller: COSEN C2 Steuerung:  SNC-100 control system Baujahr: 2018  Technologien: Drehen
A&A
A&A
A&A
A&A
A&A
A&A
A&A
A&A
A&A
A&A
A&A
A&A
A&A
A&A"
DIMKO ENGINEERING KOUKOUTZELIS BROS L.P,"6 Km THESSALONIKI ORAIOKASTRO
57013 THESSALONIKI (Thessaloniki)
Griechenland","6 Km THESSALONIKI ORAIOKASTRO
57013 THESSALONIKI (Thessaloniki)
Griechenland","Unternehmensdaten:
Mitarbeiter:
5 - 10
Gründungsjahr:
1987
Umsatz:
< 1 Mio.","https://maps.google.com/?q=40.7282935,22.9232295","weitere Standorte:
www.dimko.net",https://www.techpilot.net/servlets/DownloadConnector?companydocumentID=49832&lngCode=de,"Kontakt
GIANNIS KOUKOUTZELIS
  E-Mail:
jetzt kontaktieren","Spanabhebende Bearbeitung - Drehen
Spanabhebende Bearbeitung - Fräsen
Maschinenbau & Baugruppenmontage - Messen & Prüfen
Verzahnung & Gewinde - Gewindebearbeitung
Oberflächen-/Wärmebehandlung - Oberflächenbehandlung
Oberflächen-/Wärmebehandlung - Wärmebehandlung
Spanabhebende Bearbeitung - Bohren / Sägen
Stahlbau & Schweißen - Schweißen allgemein
Feinbearbeitung - Feinbearbeitung
Verzahnung & Gewinde - Verzahnung
Oberflächen-/Wärmebehandlung - Beschriftung/Markierung","Werkstoffe
Stahl
Baustahl
Einsatz-/Vergütungsstahl
Edelstahl (rostfrei V2A)
Edelstahl (rostfrei/säurebeständig V4A)
Automatenstahl
weiterlesen","Branchen
Apparatebau
Armaturenbau
Automatisierungs- und Steuerungstechnik
Automobilindustrie und Fahrzeugbau
Bau-, land- und forstwirtschaftlicher Maschinenbau
Bauzubehör
Berg- und Tunnelbau
Bürotechnik und Zubehör
weiterlesen","Referenzen
https://www.instagram.com/dimkoengineering/ https://www.facebook.com/profile.php?id=100092036812215","OKUMA MULTUS B250W Hersteller: OKUMA Steuerung: OSP - P300 Baujahr: 2021  Technologien: Komplettbearbeitung Drehen (mit Fräsbearbeitung)
OKUMA GENOS M560-V-e Hersteller: OKUMA Steuerung: OSP - P300 Baujahr: 2018  Technologien: Formfräsen (3 D)Fräsen
OKUMA LB300-M Hersteller: OKUMA Steuerung: OSP 100 Baujahr: 2007  Technologien: HartdrehenDrehenAutomatendrehen (Stange)EndenbearbeitungWellenbearbeitungKomplettbearbeitung Drehen (mit Fräsbearbeitung)
OKUMA MB 56-VA Hersteller: OKUMA Steuerung: OSP U 100 M Baujahr: 2007  Technologien: Formfräsen (3 D)Fräsen
Mitutoyo 3D Apex S 9166 BRT916 Hersteller: Mitutoyo  Steuerung: Mitutoyo  Baujahr: 2022  Technologien: Messen & Prüfen
CNC FIBER LASER 50 W Hersteller: CNC Steuerung: - Baujahr: 2022  Technologien: Lasermarkieren / LaserbeschriftenSignieren
Kemppi fastmig pulse 350 Hersteller: Kemppi  Steuerung: - Baujahr: 2016  Technologien: Schutzgasschweißen (MIG/MAG)
SIEGMUND SYSTEM 22 2X1 meter Hersteller: SIEGMUND  Steuerung: - Baujahr: 2022  Technologien: Schutzgasschweißen (MIG/MAG)Schutzgasschweißen (WIG)
ARTEC TIG 305i Hersteller: ARTEC Steuerung: - Baujahr: 2008  Technologien: Schutzgasschweißen (WIG)
AUTOMATOR MB 21 Hersteller: AUTOMATOR  Steuerung: - Baujahr: 2017  Technologien: Signieren
IN PARTNERSHIP WITH CERTIFIED PARTNERS Hersteller: IN PARTNERSHIP WITH CERTIFIED PARTNERS Steuerung: - Baujahr: 2023  Technologien: SandstrahlenBrünierenVerzinkenVerchromenAnodisieren / EloxierenVernickeln
TOS TRENS SN710S Hersteller: TOS  Steuerung: - Baujahr: 2005  Technologien: DrehenWellenbearbeitung
TOSS SN50C Hersteller: TOSS  Steuerung: - Baujahr: 2002  Technologien: HartdrehenDrehenEndenbearbeitungWellenbearbeitung
CAMS SACTE Hersteller: CAMS  Steuerung: NC Baujahr: 2001  Technologien: Innenverzahnung
WMW SA6U F500×2000 mm Hersteller: WMW  Steuerung: - Baujahr: 1989  Technologien: Außenrundschleifen
WMW SA5U F250×1000 mm Hersteller: WMW  Steuerung: - Baujahr: 1986  Technologien: Außenrundschleifen
STANKO STANKO-3-D-711 Hersteller: STANKO Steuerung: - Baujahr: 1988  Technologien: Planläppen
WMW HECKERT GFLV 1250 mm Hersteller: WMW HECKERT  Steuerung: - Baujahr: 1986  Technologien: Zylinderrad / StirnradSchneckentriebKettenrad
DALIAN DAHUI Y3150E Hersteller: DALIAN DAHUI  Steuerung: - Baujahr: 1992  Technologien: Zylinderrad / StirnradSchneckentriebKettenrad
TOS CELAKOVICE OHO 50 Hersteller: TOS CELAKOVICE  Steuerung: - Baujahr: 1986  Technologien: Zylinderrad / StirnradSchneckentriebZahnstangeInnenverzahnungKettenrad
DELTA LC-400 Hersteller: DELTA Steuerung: - Baujahr: 1999  Technologien: Planläppen
SILOMA OL261M F300 Hersteller: SILOMA  Steuerung:  Baujahr: 2000  Technologien: Sägen
TOS OLOMOUC FA3B  Hersteller: TOS OLOMOUC  Steuerung: - Baujahr: 1989  Technologien: Fräsen
WMW SI80 Hersteller: WMW  Steuerung: - Baujahr: 1987  Technologien: Innenrundschleifen
WMW GOTHA SWU 250 I Hersteller: WMW  Steuerung: - Baujahr: 1988  Technologien: PlanläppenInnenrundschleifenAußenrundschleifen
εικόνα_Viber_2023-03-12_15-..."
LOMAN s.r.o.,"Družstevnícka 30
93401 Levice (Nitriansky kraj)
Slowakei","Družstevnícka 30
93401 Levice (Nitriansky kraj)
Slowakei","Unternehmensdaten:
Mitarbeiter:
50 - 100
Gründungsjahr:
2002
Umsatz:
10 - 20 Mio.","https://maps.google.com/?q=48.2160822,18.6327349","weitere Standorte:
Levice, SLOVAKIA","https://www.techpilot.net/servlets/DownloadConnector?companydocumentID=41605&lngCode=de
https://www.techpilot.net/servlets/DownloadConnector?companydocumentID=40996&lngCode=de
https://www.techpilot.net/servlets/DownloadConnector?companydocumentID=40995&lngCode=de
https://www.techpilot.net/servlets/DownloadConnector?companydocumentID=40997&lngCode=de
https://www.techpilot.net/servlets/DownloadConnector?companydocumentID=40998&lngCode=de
https://www.techpilot.net/servlets/DownloadConnector?companydocumentID=22178&lngCode=de","Kontakt
Erik Novák
managing director
Telefon:
+4210366352011
Fax:
Faxnummer anzeigen
E-Mail:
jetzt kontaktieren","Spanabhebende Bearbeitung - Drehen
Spanabhebende Bearbeitung - Fräsen
Spanabhebende Bearbeitung - Bohren / Sägen
Maschinenbau & Baugruppenmontage - Messen & Prüfen
Maschinenbau & Baugruppenmontage - Montage
Oberflächen-/Wärmebehandlung - Beschriftung/Markierung","Werkstoffe
Stahl
Baustahl
Einsatz-/Vergütungsstahl
Edelstahl (rostfrei V2A)
Edelstahl (rostfrei/säurebeständig V4A)
Automatenstahl
weiterlesen","Branchen
Energieindustrie
Feinmechanik, Mechatronik und Optik
Hydraulik- und Pneumatikindustrie
Militärtechnik
Papier- und Druckereimaschinenbau
Schiffsbau
Sondermaschinenbau
Verpackungsindustrie
weiterlesen","Referenzen
CERN, Bosch Rexroth, Parker Hannifin, ANDRITZ","Guide bushing
Eccentric shaft
Optic box
Housing
Nozzle bar
Guide bushing
Eccentric shaft
Optic box
Housing
Nozzle bar
Guide bushing
Eccentric shaft
Optic box
Housing
ZVH60/L4000 MULTIPROCESS Hersteller: IBARMIA Steuerung: HEIDENHEIN Baujahr: 2023  Technologien: DrehenTieflochbohrenFräsen5-Achs-FräsenKomplettbearbeitung Drehen (mit Fräsbearbeitung)
VPC 45-DASK Hersteller: AXA Steuerung: Heidenhain Baujahr: 2019  Technologien: Formfräsen (3 D)FräsenBohren / Gewindebearbeitung5-Achs-FräsenGravierfräsen
NHP 5000 Hersteller: Doosan Steuerung: Fanuc Baujahr: 2018  Technologien: Formfräsen (3 D)FräsenBohren / GewindebearbeitungGravierfräsen
VC 510 Hersteller: Doosan Steuerung: Fanuc Baujahr: 2020  Technologien: FräsenBohren / GewindebearbeitungGravierfräsen
XC4000-2SP-DA Hersteller: DN Solutions Steuerung: Fanuc Baujahr: 2021  Technologien: FräsenBohren / Gewindebearbeitung
MK603SP Hersteller: QUASER Steuerung: Fanuc Baujahr: 2021  Technologien: FräsenBohren / Gewindebearbeitung
VCENTER-205 Hersteller: Victor Steuerung: Heidenhain Baujahr: 2016  Technologien: Formfräsen (3 D)FräsenBohren / GewindebearbeitungGravierfräsen
VCENTER-110 Hersteller: Victor Steuerung: Heidenhain Baujahr: 2015  Technologien: Formfräsen (3 D)FräsenBohren / GewindebearbeitungGravierfräsen
VCENTER-85B Hersteller: Victor Steuerung: Fanuc Baujahr: 2018  Technologien: Formfräsen (3 D)FräsenBohren / GewindebearbeitungGravierfräsen
MF630C Hersteller: Quaser Steuerung: Fanuc Baujahr: 2013  Technologien: Formfräsen (3 D)FräsenBohren / Gewindebearbeitung5-Achs-FräsenGravierfräsen
UMC 700 Hersteller: Haas Steuerung: Haas Baujahr: 2014  Technologien: Formfräsen (3 D)FräsenBohren / Gewindebearbeitung5-Achs-FräsenGravierfräsen
VC-205 Hersteller: Victor Steuerung: Fanuc Baujahr: 2009  Technologien: Formfräsen (3 D)FräsenKomplettbearbeitung Drehen (mit Fräsbearbeitung)
VF4 Hersteller: Haas Steuerung: Haas Baujahr: 2014  Technologien: Formfräsen (3 D)FräsenBohren / Gewindebearbeitung5-Achs-FräsenGravierfräsen
VF2 Super Speed Hersteller: Haas Steuerung: Haas Baujahr: 2014  Technologien: Formfräsen (3 D)FräsenBohren / GewindebearbeitungGravierfräsen
DT1 Hersteller: Haas Steuerung: Haas Baujahr: 2015  Technologien: Formfräsen (3 D)FräsenBohren / GewindebearbeitungGravierfräsen
VT950+MG+MC Hersteller: Hwacheon Steuerung: Fanuc Baujahr: 2020  Technologien: DrehenKomplettbearbeitung Drehen (mit Fräsbearbeitung)
TD55M-1350 Hersteller: CMZ Steuerung: Fanuc Baujahr: 2021  Technologien: DrehenKomplettbearbeitung Drehen (mit Fräsbearbeitung)
TD45M-1350 Hersteller: CMZ Steuerung: Fanuc Baujahr: 2020  Technologien: DrehenKomplettbearbeitung Drehen (mit Fräsbearbeitung)
TD35M-800 Hersteller: CMZ Steuerung: Fanuc Baujahr: 2023  Technologien: DrehenKomplettbearbeitung Drehen (mit Fräsbearbeitung)
VTURN S26/60CM Hersteller: Victor Steuerung: Fanuc Baujahr: 2018  Technologien: HartdrehenDrehenWellenbearbeitungKomplettbearbeitung Drehen (mit Fräsbearbeitung)
SL3000BLM Hersteller: SMEC Steuerung: Fanuc Baujahr: 2021  Technologien: DrehenKomplettbearbeitung Drehen (mit Fräsbearbeitung)
VL850 HR PT Hersteller: Yu Shine Steuerung: Fanuc Baujahr: 2011  Technologien: HartdrehenDrehenBohren / GewindebearbeitungKomplettbearbeitung Drehen (mit Fräsbearbeitung)
PUMA 480M Hersteller: Doosan Steuerung: Fanuc Baujahr: 2014  Technologien: HartdrehenDrehenBohren / GewindebearbeitungWellenbearbeitungKomplettbearbeitung Drehen (mit Fräsbearbeitung)
PUMA GT3100LM Hersteller: Doosan Steuerung: Fanuc Baujahr: 2017  Technologien: HartdrehenDrehenWellenbearbeitungKomplettbearbeitung Drehen (mit Fräsbearbeitung)
380MY-XL Hersteller: BTA Steuerung: Fanuc Baujahr: 2010  Technologien: HartdrehenDrehenAutomatendrehen (Stange)Formfräsen (3 D)FräsenWellenbearbeitungKomplettbearbeitung Drehen (mit Fräsbearbeitung)
SL30TBHE Hersteller: HAAS Steuerung: Haas Baujahr: 2007  Technologien: HartdrehenDrehenFräsenWellenbearbeitungKomplettbearbeitung Drehen (mit Fräsbearbeitung)
T6M Hersteller: COLCHESTER Steuerung: Fanuc Baujahr: 2006  Technologien: DrehenFräsenWellenbearbeitungKomplettbearbeitung Drehen (mit Fräsbearbeitung)
MULTITURN 3000 Hersteller: COLCHESTER Steuerung: Fanuc Baujahr: 2006  Technologien: DrehenWellenbearbeitung
MULTITURN 2000 Hersteller: COLCHESTER Steuerung: Fanuc Baujahr: 2005  Technologien: DrehenWellenbearbeitung
Jaguar 2680 Hersteller: Jesco Steuerung: Fanuc Baujahr: 2012  Technologien: HartdrehenDrehenWellenbearbeitung
ALPHA 1550XM Hersteller: Colchester Harrison Steuerung: Fanuc Baujahr: 2015  Technologien: DrehenWellenbearbeitungKomplettbearbeitung Drehen (mit Fräsbearbeitung)
E-530 Hersteller: Everising Steuerung: Everising Baujahr: 2018  Technologien: Sägen
P-230ILA Hersteller: Everising Steuerung: Everising Baujahr: 2022  Technologien: Sägen
TOPSPEED 510 Hersteller: Pegas Steuerung: Siemens Baujahr: 2014  Technologien: Sägen"
Gröbmer GmbH,"Fernerbachstr 18
39049 Sterzing (BZ) (Bolzano-Bozen)
Italien","Fernerbachstr 18
39049 Sterzing (BZ) (Bolzano-Bozen)
Italien","Unternehmensdaten:
Mitarbeiter:
20 - 50
Gründungsjahr:
1978
Umsatz:
5 - 10 Mio.","https://maps.google.com/?q=46.8869575,11.4047459","weitere Standorte:
Gröbmer GmbH Werk 1: Zerspanung - Frak. Thuins 80 - I-39049 Sterzing /// Gröbmer GmbH Werk 2/A: Blechbearbeitung - Fuggerstrasse 1 - I-39049 Sterzing /// Gröbmer GmbH Werk 2/B: Schweissbearbeitung - Fernerbachstra. 18 - I-39049 Sterzing ///",https://www.techpilot.net/servlets/DownloadConnector?companydocumentID=26220&lngCode=de,"Kontakte
Stefan Gröbmer
Inhaber
E-Mail:
jetzt kontaktieren
Peter Gröbmer
Zerspanung
Telefon:
+39 0472 765219
Fax:
Faxnummer anzeigen
E-Mail:
jetzt kontaktieren
Katrin Gasteiger
Verwaltung
E-Mail:
jetzt kontaktieren
Michael Gröbmer
Inhaber
Telefon:
+39 0472 765219
E-Mail:
jetzt kontaktieren
  Christian Rainer
Verkauf/Einkauf
Telefon:
+39 0472 765219
E-Mail:
jetzt kontaktieren
  Thomas Gröbmer
CNC Drehen / Schweißen
Telefon:
+39 0472 765219
E-Mail:
jetzt kontaktieren
 ","Spanabhebende Bearbeitung - Drehen
Spanabhebende Bearbeitung - Fräsen
Blechbearbeitung - Flexible Blechbearbeitung
Stahlbau & Schweißen - Schweißkonstruktionen / Stahlbau
Spanabhebende Bearbeitung - Bohren / Sägen
Stahlbau & Schweißen - Schweißen allgemein
Maschinenbau & Baugruppenmontage - Maschinen und Gerätebau
Maschinenbau & Baugruppenmontage - Messen & Prüfen
Maschinenbau & Baugruppenmontage - Montage
Verzahnung & Gewinde - Gewindebearbeitung
Oberflächen-/Wärmebehandlung - Beschriftung/Markierung
Oberflächen-/Wärmebehandlung - Oberflächenbehandlung
Additive Fertigung - Additive Fertigung","Werkstoffe
Stahl
Baustahl
Einsatz-/Vergütungsstahl
Edelstahl (rostfrei V2A)
Edelstahl (rostfrei/säurebeständig V4A)
Automatenstahl
weiterlesen","Branchen
Anlagenbau
Antriebs- und Getriebetechnik
Automobilindustrie und Fahrzeugbau
Bau-, land- und forstwirtschaftlicher Maschinenbau
Maschinenbau allgemein
Werkzeugmaschinenbau
Bauzubehör","Referenzen
- Bau von landwirtschaflichen Maschinen, Fahrwerkbau, Schweißkonstruktion und Gussbearbeitung. - Anlagenbau, Schweißkonstruktionen mit flexibler Blechbearbeitung. - Komponenten für Wasserkraftwerke, Zerspanung komplexer und schwerzerspanenden Materialien. - Komponenten für den Elektronikbereich - Aluminium Zerspanung, flexible Blechbearbeitung.","TruLaser 3030fiber 8kw Hersteller: Trumpf Steuerung:  Baujahr: 2022  Technologien: Laserschneiden 2D (Laserstrahlschneiden)
DMG MORI NLX1500 Hersteller: DMG MORI SEIKI Steuerung: CELOS - MAPPS  Baujahr: 2018  Technologien: RäumenHartdrehenDrehenAutomatendrehen (Stange)Fräsen mit DrehbearbeitungLangdrehenBohren / GewindebearbeitungWellenbearbeitungSchneckenfräsenKomplettbearbeitung Drehen (mit Fräsbearbeitung)Gewinderollen / Gewindewalzen
DMG MORI NZX2000T3Y3 Hersteller: DMG MORI SEIKI Steuerung: CELOS Baujahr: 2016  Technologien: HartdrehenDrehenAutomatendrehen (Stange)Formfräsen (3 D)LangdrehenFräsenBohren / GewindebearbeitungWellenbearbeitungSchneckenfräsenKomplettbearbeitung Drehen (mit Fräsbearbeitung)GravierfräsenGewinderollen / Gewindewalzen
DMG MORI NH6300DCG Hersteller: DMG / MORI SEIKI Steuerung: Mapps IV-Fanuc Baujahr: 2016  Technologien: Formfräsen (3 D)FräsenBohren / GewindebearbeitungGravierfräsen
DMG MORI NH4000DCG Hersteller: DMG / MORI SEIKI Steuerung: Mapps IV- FANUC Baujahr: 2014  Technologien: HSC-FräsenFormfräsen (3 D)FräsenGravierfräsen
DMG MORI M1 4 Achs Hersteller: DMG MORI Steuerung: Sinumerik 828D Baujahr: 2023  Technologien: Formfräsen (3 D)FräsenBohren / GewindebearbeitungGravierfräsen
Mori Seiki 2500 NLX Hersteller: Mori Seiki Steuerung: Mapps IV- FANUC Baujahr: 2011  Technologien: TieflochbohrenHartdrehenDrehenAutomatendrehen (Stange)LangdrehenWellenbearbeitungKomplettbearbeitung Drehen (mit Fräsbearbeitung)
Mori Seiki NT4300 DCG Hersteller: Mori Seiki Steuerung: Mapps IV- FANUC Baujahr: 2010  Technologien: RäumenTieflochbohrenHSC-FräsenHartdrehenDrehenAutomatendrehen (Stange)Formfräsen (3 D)LangdrehenSignierenFräsenBohren / GewindebearbeitungWellenbearbeitung5-Achs-FräsenKomplettbearbeitung Drehen (mit Fräsbearbeitung)Gravierfräsen
Mori Seiki NMV5000DCG Hersteller: Mori Seiki Steuerung: Mapps III Baujahr: 2008  Technologien: RäumenTieflochbohrenHSC-FräsenHartdrehenDrehenFormfräsen (3 D)SignierenFräsenBohren / GewindebearbeitungWellenbearbeitung5-Achs-FräsenKomplettbearbeitung Drehen (mit Fräsbearbeitung)Gravierfräsen
Mori Seiki NL 2500 SY Hersteller: Mori Seiki Steuerung: Mapps IV- FANUC Baujahr: 2006  Technologien: HartdrehenDrehenAutomatendrehen (Stange)LangdrehenWellenbearbeitungKomplettbearbeitung Drehen (mit Fräsbearbeitung)
Urban BZ6000 Hersteller: URBAN Maschienbau  GMBH Steuerung: Heidenhain Baujahr: 2008  Technologien: Formfräsen (3 D)FräsenBohren / GewindebearbeitungGravierfräsen
Haas VF-3SS Hersteller: HAAS CNC USA Steuerung: Haas Baujahr: 2006  Technologien: Formfräsen (3 D)FräsenGravierfräsen
Hurco VMX 50 Hersteller: Hurco Steuerung: WIN MAX Baujahr: 2005  Technologien: Formfräsen (3 D)FräsenGravierfräsen
DMG DMC 60 H Hersteller: DMG Steuerung: Sinumerik  840D Baujahr: 1998  Technologien: HSC-FräsenFormfräsen (3 D)FräsenGravierfräsen
Okuma LB 15-II W Hersteller: Okuma Steuerung: OSP 7000 Baujahr: 1998  Technologien: DrehenAutomatendrehen (Stange)LangdrehenWellenbearbeitungKomplettbearbeitung Drehen (mit Fräsbearbeitung)
Gildemeister CTX 400 Hersteller: DMG Steuerung: Grundig Baujahr: 1995  Technologien: DrehenWellenbearbeitung
Mitutoyo Crysta Apex574 Hersteller: Mitutoyo Steuerung: Mitutoyo Baujahr: 2011  Technologien: Messen & Prüfen
Mitutoyo Crysta Plus M 544 Hersteller: Mitutoyo Steuerung: Mitutoyo Hand Baujahr: 2005  Technologien: Messen & Prüfen
Trumpf Trumatic L4030 Hersteller: Trumpf Steuerung: Sinumerik Baujahr: 2001  Technologien: Laserschneiden 2D (Laserstrahlschneiden)Laserschneiden Rohr & Profil
KASTOwin A3.3 Hersteller: Kasto Steuerung: Kasto Baujahr: 2015  Technologien: Sägen
Kasto Twin A4 Hersteller: Kasto Steuerung: Kasto Baujahr: 2004  Technologien: Sägen
Foba Hersteller: Foba Steuerung: Fobagraph Baujahr: 2013  Technologien: Lasermarkieren / Laserbeschriften
CR - Komatsu Plasma Hersteller: CR Italy Steuerung: CR Pilot Baujahr: 1994  Technologien: Plasmaschneiden (Plasma-Schmelzschneiden)
Bütfering Steelmaster Hersteller: Bütfering Steuerung: Bütfering Baujahr: 2003  Technologien: -
Trowalanlage (mehrere Anlagen) Hersteller: Diverse Steuerung: keine Angabe Baujahr: 2014  Technologien: Trowalisieren / Gleitschleifen
EHT 3m Breite 135 Tonnen Hersteller: EHT Steuerung: EHT Baujahr: 2003  Technologien: Biegen / Abkanten
LVD 4m Breite 220 Tonnen Hersteller: LVD Steuerung: LVD Baujahr: 1994  Technologien: Biegen / Abkanten
Cloos Schweißroboter Hersteller: Cloos GmbH Steuerung: Cloos Baujahr: 2017  Technologien: RoboterschweißenSchutzgasschweißen (MIG/MAG)Maschinenrahmen / MaschinenständerSchweißkonstruktionen
ABB Schweißroboter Hersteller: ABB Steuerung: ABB Baujahr: 1998  Technologien: RoboterschweißenSchutzgasschweißen (MIG/MAG)Maschinenrahmen / MaschinenständerSchweißkonstruktionen"
Gröbmer GmbH,"Fernerbachstr 18
39049 Sterzing (BZ) (Bolzano-Bozen)
Italien","Fernerbachstr 18
39049 Sterzing (BZ) (Bolzano-Bozen)
Italien","Unternehmensdaten:
Mitarbeiter:
20 - 50
Gründungsjahr:
1978
Umsatz:
5 - 10 Mio.","https://maps.google.com/?q=46.8869575,11.4047459","weitere Standorte:
Gröbmer GmbH Werk 1: Zerspanung - Frak. Thuins 80 - I-39049 Sterzing /// Gröbmer GmbH Werk 2/A: Blechbearbeitung - Fuggerstrasse 1 - I-39049 Sterzing /// Gröbmer GmbH Werk 2/B: Schweissbearbeitung - Fernerbachstra. 18 - I-39049 Sterzing ///",https://www.techpilot.net/servlets/DownloadConnector?companydocumentID=26220&lngCode=de,"Kontakte
Stefan Gröbmer
Inhaber
E-Mail:
jetzt kontaktieren
Peter Gröbmer
Zerspanung
Telefon:
+39 0472 765219
Fax:
Faxnummer anzeigen
E-Mail:
jetzt kontaktieren
Katrin Gasteiger
Verwaltung
E-Mail:
jetzt kontaktieren
Michael Gröbmer
Inhaber
Telefon:
+39 0472 765219
E-Mail:
jetzt kontaktieren
  Christian Rainer
Verkauf/Einkauf
Telefon:
+39 0472 765219
E-Mail:
jetzt kontaktieren
  Thomas Gröbmer
CNC Drehen / Schweißen
Telefon:
+39 0472 765219
E-Mail:
jetzt kontaktieren
 ","Spanabhebende Bearbeitung - Drehen
Spanabhebende Bearbeitung - Fräsen
Blechbearbeitung - Flexible Blechbearbeitung
Stahlbau & Schweißen - Schweißkonstruktionen / Stahlbau
Spanabhebende Bearbeitung - Bohren / Sägen
Stahlbau & Schweißen - Schweißen allgemein
Maschinenbau & Baugruppenmontage - Maschinen und Gerätebau
Maschinenbau & Baugruppenmontage - Messen & Prüfen
Maschinenbau & Baugruppenmontage - Montage
Verzahnung & Gewinde - Gewindebearbeitung
Oberflächen-/Wärmebehandlung - Beschriftung/Markierung
Oberflächen-/Wärmebehandlung - Oberflächenbehandlung
Additive Fertigung - Additive Fertigung","Werkstoffe
Stahl
Baustahl
Einsatz-/Vergütungsstahl
Edelstahl (rostfrei V2A)
Edelstahl (rostfrei/säurebeständig V4A)
Automatenstahl
weiterlesen","Branchen
Anlagenbau
Antriebs- und Getriebetechnik
Automobilindustrie und Fahrzeugbau
Bau-, land- und forstwirtschaftlicher Maschinenbau
Maschinenbau allgemein
Werkzeugmaschinenbau
Bauzubehör","Referenzen
- Bau von landwirtschaflichen Maschinen, Fahrwerkbau, Schweißkonstruktion und Gussbearbeitung. - Anlagenbau, Schweißkonstruktionen mit flexibler Blechbearbeitung. - Komponenten für Wasserkraftwerke, Zerspanung komplexer und schwerzerspanenden Materialien. - Komponenten für den Elektronikbereich - Aluminium Zerspanung, flexible Blechbearbeitung.","TruLaser 3030fiber 8kw Hersteller: Trumpf Steuerung:  Baujahr: 2022  Technologien: Laserschneiden 2D (Laserstrahlschneiden)
DMG MORI NLX1500 Hersteller: DMG MORI SEIKI Steuerung: CELOS - MAPPS  Baujahr: 2018  Technologien: RäumenHartdrehenDrehenAutomatendrehen (Stange)Fräsen mit DrehbearbeitungLangdrehenBohren / GewindebearbeitungWellenbearbeitungSchneckenfräsenKomplettbearbeitung Drehen (mit Fräsbearbeitung)Gewinderollen / Gewindewalzen
DMG MORI NZX2000T3Y3 Hersteller: DMG MORI SEIKI Steuerung: CELOS Baujahr: 2016  Technologien: HartdrehenDrehenAutomatendrehen (Stange)Formfräsen (3 D)LangdrehenFräsenBohren / GewindebearbeitungWellenbearbeitungSchneckenfräsenKomplettbearbeitung Drehen (mit Fräsbearbeitung)GravierfräsenGewinderollen / Gewindewalzen
DMG MORI NH6300DCG Hersteller: DMG / MORI SEIKI Steuerung: Mapps IV-Fanuc Baujahr: 2016  Technologien: Formfräsen (3 D)FräsenBohren / GewindebearbeitungGravierfräsen
DMG MORI NH4000DCG Hersteller: DMG / MORI SEIKI Steuerung: Mapps IV- FANUC Baujahr: 2014  Technologien: HSC-FräsenFormfräsen (3 D)FräsenGravierfräsen
DMG MORI M1 4 Achs Hersteller: DMG MORI Steuerung: Sinumerik 828D Baujahr: 2023  Technologien: Formfräsen (3 D)FräsenBohren / GewindebearbeitungGravierfräsen
Mori Seiki 2500 NLX Hersteller: Mori Seiki Steuerung: Mapps IV- FANUC Baujahr: 2011  Technologien: TieflochbohrenHartdrehenDrehenAutomatendrehen (Stange)LangdrehenWellenbearbeitungKomplettbearbeitung Drehen (mit Fräsbearbeitung)
Mori Seiki NT4300 DCG Hersteller: Mori Seiki Steuerung: Mapps IV- FANUC Baujahr: 2010  Technologien: RäumenTieflochbohrenHSC-FräsenHartdrehenDrehenAutomatendrehen (Stange)Formfräsen (3 D)LangdrehenSignierenFräsenBohren / GewindebearbeitungWellenbearbeitung5-Achs-FräsenKomplettbearbeitung Drehen (mit Fräsbearbeitung)Gravierfräsen
Mori Seiki NMV5000DCG Hersteller: Mori Seiki Steuerung: Mapps III Baujahr: 2008  Technologien: RäumenTieflochbohrenHSC-FräsenHartdrehenDrehenFormfräsen (3 D)SignierenFräsenBohren / GewindebearbeitungWellenbearbeitung5-Achs-FräsenKomplettbearbeitung Drehen (mit Fräsbearbeitung)Gravierfräsen
Mori Seiki NL 2500 SY Hersteller: Mori Seiki Steuerung: Mapps IV- FANUC Baujahr: 2006  Technologien: HartdrehenDrehenAutomatendrehen (Stange)LangdrehenWellenbearbeitungKomplettbearbeitung Drehen (mit Fräsbearbeitung)
Urban BZ6000 Hersteller: URBAN Maschienbau  GMBH Steuerung: Heidenhain Baujahr: 2008  Technologien: Formfräsen (3 D)FräsenBohren / GewindebearbeitungGravierfräsen
Haas VF-3SS Hersteller: HAAS CNC USA Steuerung: Haas Baujahr: 2006  Technologien: Formfräsen (3 D)FräsenGravierfräsen
Hurco VMX 50 Hersteller: Hurco Steuerung: WIN MAX Baujahr: 2005  Technologien: Formfräsen (3 D)FräsenGravierfräsen
DMG DMC 60 H Hersteller: DMG Steuerung: Sinumerik  840D Baujahr: 1998  Technologien: HSC-FräsenFormfräsen (3 D)FräsenGravierfräsen
Okuma LB 15-II W Hersteller: Okuma Steuerung: OSP 7000 Baujahr: 1998  Technologien: DrehenAutomatendrehen (Stange)LangdrehenWellenbearbeitungKomplettbearbeitung Drehen (mit Fräsbearbeitung)
Gildemeister CTX 400 Hersteller: DMG Steuerung: Grundig Baujahr: 1995  Technologien: DrehenWellenbearbeitung
Mitutoyo Crysta Apex574 Hersteller: Mitutoyo Steuerung: Mitutoyo Baujahr: 2011  Technologien: Messen & Prüfen
Mitutoyo Crysta Plus M 544 Hersteller: Mitutoyo Steuerung: Mitutoyo Hand Baujahr: 2005  Technologien: Messen & Prüfen
Trumpf Trumatic L4030 Hersteller: Trumpf Steuerung: Sinumerik Baujahr: 2001  Technologien: Laserschneiden 2D (Laserstrahlschneiden)Laserschneiden Rohr & Profil
KASTOwin A3.3 Hersteller: Kasto Steuerung: Kasto Baujahr: 2015  Technologien: Sägen
Kasto Twin A4 Hersteller: Kasto Steuerung: Kasto Baujahr: 2004  Technologien: Sägen
Foba Hersteller: Foba Steuerung: Fobagraph Baujahr: 2013  Technologien: Lasermarkieren / Laserbeschriften
CR - Komatsu Plasma Hersteller: CR Italy Steuerung: CR Pilot Baujahr: 1994  Technologien: Plasmaschneiden (Plasma-Schmelzschneiden)
Bütfering Steelmaster Hersteller: Bütfering Steuerung: Bütfering Baujahr: 2003  Technologien: -
Trowalanlage (mehrere Anlagen) Hersteller: Diverse Steuerung: keine Angabe Baujahr: 2014  Technologien: Trowalisieren / Gleitschleifen
EHT 3m Breite 135 Tonnen Hersteller: EHT Steuerung: EHT Baujahr: 2003  Technologien: Biegen / Abkanten
LVD 4m Breite 220 Tonnen Hersteller: LVD Steuerung: LVD Baujahr: 1994  Technologien: Biegen / Abkanten
Cloos Schweißroboter Hersteller: Cloos GmbH Steuerung: Cloos Baujahr: 2017  Technologien: RoboterschweißenSchutzgasschweißen (MIG/MAG)Maschinenrahmen / MaschinenständerSchweißkonstruktionen
ABB Schweißroboter Hersteller: ABB Steuerung: ABB Baujahr: 1998  Technologien: RoboterschweißenSchutzgasschweißen (MIG/MAG)Maschinenrahmen / MaschinenständerSchweißkonstruktionen"
OMGM Group SRL,"Via Togliatti 8/a
40026 Imola (Bologna)
Italien","Via Togliatti 8/a
40026 Imola (Bologna)
Italien","Unternehmensdaten:
Mitarbeiter:
50 - 100
Gründungsjahr:
1972
Umsatz:
10 - 20 Mio.","https://maps.google.com/?q=44.3660501,11.7202388",,"https://www.techpilot.net/servlets/DownloadConnector?companydocumentID=49281&lngCode=de
https://www.techpilot.net/servlets/DownloadConnector?companydocumentID=49964&lngCode=de
https://www.techpilot.net/servlets/DownloadConnector?companydocumentID=49438&lngCode=de","Kontakte
Andrea Ferretti
  Telefon:
00390542641003
E-Mail:
jetzt kontaktieren
  Sabine Mueller
export
Telefon:
+393398668590
E-Mail:
jetzt kontaktieren
  Antonella Di Benedetto
Export Manager
E-Mail:
jetzt kontaktieren","Spanabhebende Bearbeitung - Drehen
Spanabhebende Bearbeitung - Fräsen
Spanabhebende Bearbeitung - Bohren / Sägen
Werkzeug - und Formenbau - Ätzen und Abtragen
Maschinenbau & Baugruppenmontage - Messen & Prüfen
Oberflächen-/Wärmebehandlung - Beschriftung/Markierung
Feinbearbeitung - Feinbearbeitung","Werkstoffe
Stahl
Baustahl
Einsatz-/Vergütungsstahl
Edelstahl (rostfrei V2A)
Edelstahl (rostfrei/säurebeständig V4A)
Federstahl
weiterlesen","Branchen
Feinmechanik, Mechatronik und Optik
Medizintechnik
Militärtechnik
Sondermaschinenbau
Apparatebau
Verpackungsindustrie
Maschinenbau allgemein",,"Doosan Puma SMX3100S Hersteller: Doosan Steuerung: Fanuc 31i Baujahr: 2015  Technologien: -
NL3000 MORI SEIKI Hersteller: MORI SEIKI Steuerung: Fanuc Baujahr:   Technologien: -
Doosan Puma 8300 M Hersteller: Doosan Steuerung: Fanuc Baujahr:   Technologien: -
Stinger Hersteller: FPT Steuerung: Heidenhain 530 Baujahr: 2006  Technologien: -
Tessen Hersteller: FPT Steuerung: Hedenhain 630 Baujahr:   Technologien: -
NMV5000DCG Hersteller: Mori Seiki Steuerung: Fanuc Baujahr:   Technologien: -
Doosan DVF 5000 Hersteller: Doosan Steuerung: Heidenhain 640 Baujahr: 2021  Technologien: -
Doosan VC 630/5AX Hersteller: Doosan Steuerung: Heidenhain 640 Baujahr: 2018  Technologien: -
Mynx7500/50 Hersteller: Doosan Steuerung: Fanuc Baujahr: 2007  Technologien: -
AG600L Hersteller: Sodik Steuerung: Sodik Baujahr: 2010  Technologien: -
CB Ferrari d190 Hersteller: CB Ferrari Steuerung: Selca 3045 Baujahr: 1998  Technologien: -
CB Ferrari d190 Hersteller: CB Ferrari Steuerung: Selca 3045 Baujahr: 1998  Technologien: -
DEA-Global 3D Hersteller: DEA Steuerung: DEA Baujahr: 2018  Technologien: -
Morara Quick Grinder Hersteller: Morara Rettifiche Steuerung: Fagor Baujahr: 2002  Technologien: -
Studer s33 Hersteller: Studer Steuerung: Fanuc Baujahr: 2000  Technologien: -
Rosa linea gold Hersteller: Rosa rettifiche Steuerung: fanuc Baujahr: 1998  Technologien: -
Mytutoyo 3D  Hersteller: Mytutoyo Steuerung: Mytutoyo Baujahr: 1995  Technologien: -
Mikron Mill P 800 u Hersteller: Mikron Steuerung: Hedenhain Baujahr: 2023  Technologien: -
Puma 300 Hersteller: Daewoo Steuerung: Fanuc Baujahr: 2002  Technologien: -
Daewoo ACE-V400 Hersteller: Daewoo Steuerung: Fanuc Baujahr: 2022  Technologien: -
mytutoyo_3d_crysta Hersteller: mytutoyo Steuerung: mytutoyo Baujahr: 2015  Technologien: -
MILL P800 U D Hersteller: MIKRON Steuerung: HEDENHAIN TNC640 Baujahr: 2023  Technologien: 5-Achs-Fräsen
metrologia_chi_siamo-650x38...
Camma - OMGM Group Srl"
Viewtrade is Part of Viewsoft Srl,"Corso Fogazzaro,21
36100 Vicenza (Vicenza)
Italien","Corso Fogazzaro,21
36100 Vicenza (Vicenza)
Italien","Unternehmensdaten:
Mitarbeiter:
20 - 50
Gründungsjahr:
2011
Umsatz:
5 - 10 Mio.","https://maps.google.com/?q=45.5473565,11.5309861","weitere Standorte:
Offices:: Corso Fogazzaro, 21 - I-36100 Vicenza",,"Kontakte
Giorgio Burin
Sales
Telefon:
0039 388 838 40 83
Fax:
Faxnummer anzeigen
E-Mail:
jetzt kontaktieren
Suprava Ullah
  Telefon:
+39 0444 183 6792
E-Mail:
jetzt kontaktieren
  Valentina Piotto
  Telefon:
+39 0444 1836 792
E-Mail:
jetzt kontaktieren
  Natalija Bojanic
  Telefon:
+39 0444 1836792
E-Mail:
jetzt kontaktieren
 ","Spanabhebende Bearbeitung - Drehen
Spanabhebende Bearbeitung - Fräsen
Blechbearbeitung - Werkzeuggebundene Blechbearbeitung
Stahlbau & Schweißen - Schweißen allgemein
Stahlbau & Schweißen - Schweißkonstruktionen / Stahlbau
Blechbearbeitung - Flexible Blechbearbeitung
Rohrbearbeitung - Rohrbearbeitung","Werkstoffe
Stahl
Baustahl
Einsatz-/Vergütungsstahl
Edelstahl (rostfrei V2A)
Edelstahl (rostfrei/säurebeständig V4A)
Automatenstahl
weiterlesen","Branchen
Bau-, land- und forstwirtschaftlicher Maschinenbau
Bauzubehör
Beleuchtungsmittelindustrie
Berg- und Tunnelbau
Chemische Industrie
Eisenbahnindustrie und Schienenfahrzeugbau
Energieindustrie
Feinmechanik, Mechatronik und Optik
weiterlesen",,"DMG SPRINT 26 linear Hersteller: DMG GILDEMEISTER Steuerung: FANUC Baujahr: 2014  Technologien: -
Deco Sigma 20 Hersteller: TORNOS Steuerung: FANUC Baujahr: 2011  Technologien: Langdrehen
DMG SPRINT 42 Hersteller: DMG GILDEMEISTER Steuerung: FANUC   Baujahr: 2010  Technologien: Komplettbearbeitung Drehen (mit Fräsbearbeitung)
TMM-200 M1 Hersteller: TAKISAWA Steuerung: FANUC Baujahr: 2008  Technologien: -
M32 Hersteller: CITIZEN Steuerung: MITSUBISHI Baujahr: 2008  Technologien: -
EX 308 Hersteller: TAKISAWA Steuerung: FANUC Baujahr: 2008  Technologien: -
DECO 20 A Hersteller: TORNOS Steuerung: FANUC Baujahr: 2005  Technologien: Langdrehen
TMM-250 M1 Hersteller: TAKISAWA Steuerung: FANUC Baujahr: 2005  Technologien: -
Deco 26A Hersteller: TORNOS Steuerung: FANUC Baujahr: 2004  Technologien: Langdrehen
EX 310 Hersteller: TAKISAWA Steuerung: FANUC Baujahr: 2003  Technologien: -
L32 Hersteller: CITIZEN Steuerung: MITSUBISHI M65 Baujahr: 2001  Technologien: -
L20 Hersteller: CITIZEN Steuerung: MITSUBISHI Baujahr: 2000  Technologien: -
ELECTRA 1523 MPC Hersteller: TACCHELLA Steuerung: V2 Baujahr: 2001  Technologien: -
L32 Hersteller: CITIZEN Steuerung: MITSUBISHI Baujahr: 2000  Technologien: -
518 UA Hersteller: TACCHELLA Steuerung:  Baujahr: 1990  Technologien: -
SIN-O-MATIC Hersteller: SINICO Steuerung: SIMENS Baujahr: 2000  Technologien: -
LT5 Rohrlaser ADIGE - BLM Hersteller: BLM GROUP Steuerung:  Baujahr: 2015  Technologien: Laserschneiden Rohr & Profil
Cutting OMP 370CMPPCNP Hersteller: OMP Steuerung:  Baujahr: 2006  Technologien: Laserschneiden Rohr & Profil
Shot blaster NORBLAST S22 - SHot blasting Hersteller: NORBLAST Steuerung:  Baujahr: 2008  Technologien: -
PUMA 300 LM Hersteller: DOOSAN Steuerung:  Baujahr:   Technologien: -
Palazzo_Valmarana_Vicenza_f...
Prodotto 01.JPG
prodotto 2.JPG"
Torneria OML Srl,"Via Conca 29/31 – Castelgomberto (VI)
36070 Castelgomberto (Vicenza)
Italien","Via Conca 29/31 – Castelgomberto (VI)
36070 Castelgomberto (Vicenza)
Italien","Unternehmensdaten:
Mitarbeiter:
20 - 50
Gründungsjahr:
1982
Umsatz:
5 - 10 Mio.","https://maps.google.com/?q=45.5662502,11.3891756",,"https://www.techpilot.net/servlets/DownloadConnector?companydocumentID=45709&lngCode=de
https://www.techpilot.net/servlets/DownloadConnector?companydocumentID=45710&lngCode=de
https://www.techpilot.net/servlets/DownloadConnector?companydocumentID=45791&lngCode=de
https://www.techpilot.net/servlets/DownloadConnector?companydocumentID=45527&lngCode=de
https://www.techpilot.net/servlets/DownloadConnector?companydocumentID=45711&lngCode=de","Kontakt
Giovanni Calabria
Titolare/Owner
Telefon:
00393927734092
E-Mail:
jetzt kontaktieren
 ","Spanabhebende Bearbeitung - Drehen
Oberflächen-/Wärmebehandlung - Beschriftung/Markierung
Oberflächen-/Wärmebehandlung - Oberflächenbehandlung
Oberflächen-/Wärmebehandlung - Wärmebehandlung
Feinbearbeitung - Feinbearbeitung","Werkstoffe
Stahl
Baustahl
Einsatz-/Vergütungsstahl
Edelstahl (rostfrei V2A)
Edelstahl (rostfrei/säurebeständig V4A)
Automatenstahl
weiterlesen","Branchen
Beleuchtungsmittelindustrie
Energieindustrie
Hydraulik- und Pneumatikindustrie
Kessel- und Behälterbau
Automobilindustrie und Fahrzeugbau
Anlagenbau
Kälte-, Klima- und Lufttechnik
Maschinenbau allgemein
weiterlesen",,"BIGLIA B445 Hersteller: BIGLIA  Steuerung: FANUC Baujahr: 2005  Technologien: Automatendrehen (Stange)
BIGLIA B470 Hersteller: BIGLIA  Steuerung: FANUC Baujahr: 2005  Technologien: Automatendrehen (Stange)
MIYANO BNE51 Hersteller: MIYANO/CITIZEN Steuerung: MITSUBISHI Baujahr: 2017  Technologien: Automatendrehen (Stange)
BIGLIA B436Y2 Hersteller: BIGLIA  Steuerung: MITSUBISHI Baujahr: 2015  Technologien: Automatendrehen (Stange)
NAKAMURA WT150 Hersteller: NAKAMURA  Steuerung: FANUC Baujahr: 2014  Technologien: Automatendrehen (Stange)
BIGLIA B658 Hersteller: BIGLIA  Steuerung: FANUC Baujahr: 2011  Technologien: Automatendrehen (Stange)
NAKAMURA WT100 Hersteller: NAKAMURA  Steuerung: FANUC Baujahr: 2015  Technologien: Automatendrehen (Stange)
BIGLIA B465Y2 Hersteller: BIGLIA  Steuerung: FANUC Baujahr: 2016  Technologien: Automatendrehen (Stange)
CITIZEN L20 LFV Hersteller: CITIZEN Steuerung: MITSUBISHI Baujahr: 2019  Technologien: Automatendrehen (Stange)
CITIZEN L20 Hersteller: CITIZEN  Steuerung: MITSUBISHI Baujahr: 2018  Technologien: Automatendrehen (Stange)
CITIZEN A20 Hersteller: CITIZEN  Steuerung: FANUC Baujahr: 2010  Technologien: Automatendrehen (Stange)
CITIZEN L20E-IX Hersteller: CITIZEN  Steuerung: MITSUBISHI Baujahr: 2018  Technologien: Automatendrehen (Stange)
CITIZEN L12/1M7 Hersteller: CITIZEN  Steuerung: MITSUBISHI Baujahr: 2018  Technologien: Automatendrehen (Stange)
CITIZEN M32 VIII Hersteller: CITIZEN  Steuerung: MITSUBISHI Baujahr: 2015  Technologien: Automatendrehen (Stange)
MIYANO BNA42 Hersteller: MIYANO/CITIZEN Steuerung: FANUC Baujahr: 2014  Technologien: Automatendrehen (Stange)
MIYANO ABX64 Hersteller: MIYANO/CITIZEN Steuerung: FANUC Baujahr: 2018  Technologien: Automatendrehen (Stange)
MIYANO ABX80 Hersteller: MIYANO/CITIZEN Steuerung: FANUC Baujahr: 2020  Technologien: Automatendrehen (Stange)
NOMURA NN32YB3 Hersteller: NOMURA  Steuerung: MITSUBISHI Baujahr: 2016  Technologien: Automatendrehen (Stange)
RUGOSIMETRO MITUTOYO Hersteller: MITUTOYO Steuerung:  Baujahr: 2020  Technologien: -
PROFILOMETRO MITUTOYO Hersteller: MITUTOYO Steuerung:  Baujahr: 2020  Technologien: -
ALTIMETRO TESA Hersteller: TESA Steuerung:  Baujahr: 2020  Technologien: -
ROTONDIMETRO MITUTOYO Hersteller: MITUTOYO Steuerung:  Baujahr: 2020  Technologien: -
MACCHINA OTTICA OGP Hersteller: OGP Steuerung:  Baujahr: 2020  Technologien: -
DUROMETRO MITUTOYO Hersteller: MITUTOYO Steuerung:  Baujahr: 2020  Technologien: -
MICROSCOPIO VISION Hersteller: VISION Steuerung:  Baujahr: 2020  Technologien: -"
TMV VAGO SRL,"Risorgimento 212
21040 Gerenzano (VA) (Varese)
Italien","Risorgimento 212
21040 Gerenzano (VA) (Varese)
Italien","Unternehmensdaten:
Mitarbeiter:
5 - 10
Gründungsjahr:
1991
Umsatz:
1 - 5 Mio.","https://maps.google.com/?q=45.6351753,8.9738927","weitere Standorte:
Sede legale: Via Boccherini 5, Gerenzano (VA) 21040 ITALY - Sede produttiva: Via Risorgimento 212, Gerenzano (VA) 21040 ITALY",,"Kontakte
Mattia Vago
  Telefon:
00390296481505
E-Mail:
jetzt kontaktieren
  Samuele Vago
  Telefon:
+390296481505
E-Mail:
jetzt kontaktieren
 ","Spanabhebende Bearbeitung - Drehen
Spanabhebende Bearbeitung - Bohren / Sägen
Spanabhebende Bearbeitung - Fräsen
Blechbearbeitung - Flexible Blechbearbeitung
Blechbearbeitung - Werkzeuggebundene Blechbearbeitung
Stahlbau & Schweißen - Schweißen allgemein
Maschinenbau & Baugruppenmontage - Montage
Oberflächen-/Wärmebehandlung - Beschriftung/Markierung
Oberflächen-/Wärmebehandlung - Oberflächenbehandlung
Rohrbearbeitung - Rohrbearbeitung
Additive Fertigung - Additive Fertigung","Werkstoffe
Stahl
Baustahl
Einsatz-/Vergütungsstahl
Edelstahl (rostfrei V2A)
Edelstahl (rostfrei/säurebeständig V4A)
Automatenstahl
weiterlesen","Branchen
Anlagenbau
Maschinenbau allgemein
Apparatebau
Automatisierungs- und Steuerungstechnik
Automobilindustrie und Fahrzeugbau
Bau-, land- und forstwirtschaftlicher Maschinenbau
Beleuchtungsmittelindustrie
Bürotechnik und Zubehör
weiterlesen",,"Automatic Lathe Mazak Hersteller: Mazak Steuerung: CNC Baujahr: 2022  Technologien: Automatendrehen (Stange)
Milling Machine REMA Control Hersteller: REMA CONTROL Steuerung: CNC Baujahr: 2010  Technologien: 5-Achs-Fräsen
Laser cutting Mazak Hersteller: Mazak Steuerung: CNC Baujahr: 2012  Technologien: Laserschneiden 3D (Laserstrahlschneiden)Laserschneiden 2D (Laserstrahlschneiden)
Milling machine DART Hersteller: DART Steuerung: CNC Baujahr: 2002  Technologien: Fräsen
Lathe Dart Hersteller: DART Steuerung: CNC Baujahr: 2002  Technologien: Drehen
Lathe BMP Hersteller: BMP Steuerung: CNC Baujahr: 2002  Technologien: Drehen
Immagine1.png
Immagine2.png"
